Year,Lon,Lat,PID,PFT,age,cmass,ndist,relative
2003,-149.25,64.75,1,Needleleaf evergreen,119,0.35,1,0.02902155887230514
2003,-149.25,64.75,1,Pioneering broadleaf,119,10.44,1,0.8656716417910448
2004,-149.25,64.75,1,Needleleaf evergreen,120,0.34,1,0.02777777777777778
2004,-149.25,64.75,1,Pioneering broadleaf,120,10.61,1,0.866830065359477
2005,-149.25,64.75,1,Needleleaf evergreen,121,0.36,1,0.028892455858747994
2005,-149.25,64.75,1,Pioneering broadleaf,121,10.78,1,0.8651685393258427
2006,-149.25,64.75,1,Needleleaf evergreen,122,0.38,1,0.030158730158730156
2006,-149.25,64.75,1,Pioneering broadleaf,122,10.88,1,0.8634920634920634
2007,-149.25,64.75,1,Needleleaf evergreen,123,0.39,1,0.03181076672104405
2007,-149.25,64.75,1,Pioneering broadleaf,123,10.5,1,0.8564437194127243
2008,-149.25,64.75,1,Needleleaf evergreen,124,0.4,1,0.03207698476343224
2008,-149.25,64.75,1,Pioneering broadleaf,124,10.67,1,0.8556535685645549
2009,-149.25,64.75,1,Needleleaf evergreen,125,0.41,1,0.03235990528808208
2009,-149.25,64.75,1,Pioneering broadleaf,125,10.83,1,0.8547750591949487
2010,-149.25,64.75,1,Needleleaf evergreen,126,0.43,1,0.03346303501945525
2010,-149.25,64.75,1,Pioneering broadleaf,126,11,1,0.8560311284046693
2011,-149.25,64.75,1,Needleleaf evergreen,127,0.44,1,0.03387220939183988
2011,-149.25,64.75,1,Pioneering broadleaf,127,11.12,1,0.8560431100846806
2012,-149.25,64.75,1,Needleleaf evergreen,128,0.45,1,0.03424657534246575
2012,-149.25,64.75,1,Pioneering broadleaf,128,11.24,1,0.8554033485540334
2013,-149.25,64.75,1,Needleleaf evergreen,129,0.46,1,0.03642121931908156
2013,-149.25,64.75,1,Pioneering broadleaf,129,10.76,1,0.8519398258115598
2014,-149.25,64.75,1,Needleleaf evergreen,130,0.49,1,0.038281249999999996
2014,-149.25,64.75,1,Pioneering broadleaf,130,10.9,1,0.8515625
2015,-149.25,64.75,1,Needleleaf evergreen,131,0.51,1,0.03926096997690531
2015,-149.25,64.75,1,Pioneering broadleaf,131,11.06,1,0.8514241724403387
2016,-149.25,64.75,1,Needleleaf evergreen,132,0.53,1,0.040242976461655276
2016,-149.25,64.75,1,Pioneering broadleaf,132,11.19,1,0.8496583143507972
2017,-149.25,64.75,1,Needleleaf evergreen,133,0.55,1,0.04116766467065869
2017,-149.25,64.75,1,Pioneering broadleaf,133,11.33,1,0.8480538922155689
2018,-149.25,64.75,1,Needleleaf evergreen,134,0.57,1,0.04225352112676056
2018,-149.25,64.75,1,Pioneering broadleaf,134,11.45,1,0.848776871756857
2019,-149.25,64.75,1,Needleleaf evergreen,135,0.57,1,0.04194260485651214
2019,-149.25,64.75,1,Pioneering broadleaf,135,11.55,1,0.8498896247240618
2020,-149.25,64.75,1,Needleleaf evergreen,136,0.6,1,0.04341534008683068
2020,-149.25,64.75,1,Pioneering broadleaf,136,11.71,1,0.8473227206946455
2021,-149.25,64.75,1,Needleleaf evergreen,137,0.62,1,0.04428571428571428
2021,-149.25,64.75,1,Pioneering broadleaf,137,11.86,1,0.8471428571428571
2022,-149.25,64.75,1,Needleleaf evergreen,138,0.66,1,0.046250875963559916
2022,-149.25,64.75,1,Pioneering broadleaf,138,12.04,1,0.843728100911002
2023,-149.25,64.75,1,Needleleaf evergreen,139,0.68,1,0.04938271604938272
2023,-149.25,64.75,1,Pioneering broadleaf,139,11.49,1,0.8344226579520697
2024,-149.25,64.75,1,Needleleaf evergreen,140,0.71,1,0.05096913137114141
2024,-149.25,64.75,1,Pioneering broadleaf,140,11.63,1,0.8348887293610912
2025,-149.25,64.75,1,Needleleaf evergreen,141,0.73,1,0.05427509293680297
2025,-149.25,64.75,1,Pioneering broadleaf,141,11.1,1,0.8252788104089219
2026,-149.25,64.75,1,Needleleaf evergreen,142,0.75,1,0.05518763796909492
2026,-149.25,64.75,1,Pioneering broadleaf,142,11.2,1,0.8241353936718174
2027,-149.25,64.75,1,Needleleaf evergreen,143,0.77,1,0.056245434623813
2027,-149.25,64.75,1,Pioneering broadleaf,143,11.31,1,0.8261504747991234
2028,-149.25,64.75,1,Needleleaf evergreen,144,0.8,1,0.05767844268204759
2028,-149.25,64.75,1,Pioneering broadleaf,144,11.42,1,0.8233597692862293
2029,-149.25,64.75,1,Needleleaf evergreen,145,0.81,1,0.05806451612903227
2029,-149.25,64.75,1,Pioneering broadleaf,145,11.51,1,0.8250896057347671
2030,-149.25,64.75,1,Needleleaf evergreen,146,0.84,1,0.059532246633593196
2030,-149.25,64.75,1,Pioneering broadleaf,146,11.61,1,0.8228206945428774
2031,-149.25,64.75,1,Needleleaf evergreen,147,0.84,1,0.05890603085553997
2031,-149.25,64.75,1,Pioneering broadleaf,147,11.72,1,0.8218793828892006
2032,-149.25,64.75,1,Needleleaf evergreen,148,0.87,1,0.060332871012482664
2032,-149.25,64.75,1,Pioneering broadleaf,148,11.83,1,0.8203883495145631
2033,-149.25,64.75,1,Needleleaf evergreen,149,0.89,1,0.060958904109589034
2033,-149.25,64.75,1,Pioneering broadleaf,149,11.96,1,0.8191780821917808
2034,-149.25,64.75,1,Needleleaf evergreen,150,0.91,1,0.06144496961512492
2034,-149.25,64.75,1,Pioneering broadleaf,150,12.1,1,0.8170155300472653
2035,-149.25,64.75,1,Needleleaf evergreen,151,0.93,1,0.061958694203864094
2035,-149.25,64.75,1,Pioneering broadleaf,151,12.25,1,0.8161225849433711
2036,-149.25,64.75,1,Needleleaf evergreen,152,0.96,1,0.06340819022457067
2036,-149.25,64.75,1,Pioneering broadleaf,152,12.37,1,0.8170409511228534
2037,-149.25,64.75,1,Needleleaf evergreen,153,0.99,1,0.06462140992167102
2037,-149.25,64.75,1,Pioneering broadleaf,153,12.48,1,0.814621409921671
2038,-149.25,64.75,1,Needleleaf evergreen,154,1.01,1,0.06524547803617571
2038,-149.25,64.75,1,Pioneering broadleaf,154,12.59,1,0.8133074935400516
2039,-149.25,64.75,1,Needleleaf evergreen,155,1.05,1,0.07056451612903225
2039,-149.25,64.75,1,Pioneering broadleaf,155,11.91,1,0.8004032258064516
2040,-149.25,64.75,1,Needleleaf evergreen,156,1.1,1,0.07713884992987378
2040,-149.25,64.75,1,Pioneering broadleaf,156,11.24,1,0.788218793828892
2041,-149.25,64.75,1,Needleleaf evergreen,157,1.15,1,0.08935508935508936
2041,-149.25,64.75,1,Pioneering broadleaf,157,9.75,1,0.7575757575757576
2042,-149.25,64.75,1,Needleleaf evergreen,158,1.17,1,0.0897239263803681
2042,-149.25,64.75,1,Pioneering broadleaf,158,9.86,1,0.7561349693251533
2043,-149.25,64.75,1,Needleleaf evergreen,159,1.22,1,0.0989456609894566
2043,-149.25,64.75,1,Pioneering broadleaf,159,9.11,1,0.7388483373884833
2044,-149.25,64.75,1,Needleleaf evergreen,160,1.28,1,0.10199203187250995
2044,-149.25,64.75,1,Pioneering broadleaf,160,9.21,1,0.7338645418326694
2045,-149.25,64.75,1,Needleleaf evergreen,161,1.3,1,0.1026045777426993
2045,-149.25,64.75,1,Pioneering broadleaf,161,9.28,1,0.7324388318863456
2046,-149.25,64.75,1,Needleleaf evergreen,162,1.33,1,0.12950340798442064
2046,-149.25,64.75,1,Pioneering broadleaf,162,6.81,1,0.6630963972736125
2047,-149.25,64.75,1,Needleleaf evergreen,163,1.37,1,0.13147792706333974
2047,-149.25,64.75,1,Pioneering broadleaf,163,6.87,1,0.6593090211132437
2048,-149.25,64.75,1,Needleleaf evergreen,164,1.43,1,0.1347785108388313
2048,-149.25,64.75,1,Pioneering broadleaf,164,6.94,1,0.6540999057492932
2049,-149.25,64.75,1,Needleleaf evergreen,165,1.46,1,0.13594040968342644
2049,-149.25,64.75,1,Pioneering broadleaf,165,7.01,1,0.6527001862197392
2050,-149.25,64.75,1,Needleleaf evergreen,166,1.52,1,0.15109343936381708
2050,-149.25,64.75,1,Pioneering broadleaf,166,6.2,1,0.6163021868787276
2051,-149.25,64.75,1,Needleleaf evergreen,167,1.57,1,0.1533203125
2051,-149.25,64.75,1,Pioneering broadleaf,167,6.27,1,0.6123046875
2052,-149.25,64.75,1,Needleleaf evergreen,168,1.56,1,0.15057915057915058
2052,-149.25,64.75,1,Pioneering broadleaf,168,6.34,1,0.611969111969112
2053,-149.25,64.75,1,Needleleaf evergreen,169,1.62,1,0.15355450236966825
2053,-149.25,64.75,1,Pioneering broadleaf,169,6.41,1,0.6075829383886255
2054,-149.25,64.75,1,Needleleaf evergreen,170,1.67,1,0.15651358950328023
2054,-149.25,64.75,1,Pioneering broadleaf,170,6.49,1,0.6082474226804124
2055,-149.25,64.75,1,Needleleaf evergreen,171,1.66,1,0.1548507462686567
2055,-149.25,64.75,1,Pioneering broadleaf,171,6.54,1,0.6100746268656716
2056,-149.25,64.75,1,Needleleaf evergreen,172,1.67,1,0.15420129270544783
2056,-149.25,64.75,1,Pioneering broadleaf,172,6.61,1,0.6103416435826409
2057,-149.25,64.75,1,Needleleaf evergreen,173,1.73,1,0.156844968268359
2057,-149.25,64.75,1,Pioneering broadleaf,173,6.69,1,0.6065276518585675
2058,-149.25,64.75,1,Needleleaf evergreen,174,1.75,1,0.1714005876591577
2058,-149.25,64.75,1,Pioneering broadleaf,174,5.8,1,0.5680705190989227
2059,-149.25,64.75,1,Needleleaf evergreen,175,1.73,1,0.16779825412221144
2059,-149.25,64.75,1,Pioneering broadleaf,175,5.87,1,0.5693501454898157
2060,-149.25,64.75,1,Needleleaf evergreen,176,1.75,1,0.16778523489932887
2060,-149.25,64.75,1,Pioneering broadleaf,176,5.93,1,0.5685522531160115
2061,-149.25,64.75,1,Needleleaf evergreen,177,1.8,1,0.169811320754717
2061,-149.25,64.75,1,Pioneering broadleaf,177,6.01,1,0.5669811320754717
2062,-149.25,64.75,1,Needleleaf evergreen,178,1.81,1,0.1693171188026193
2062,-149.25,64.75,1,Pioneering broadleaf,178,6.06,1,0.5668849391955099
2063,-149.25,64.75,1,Needleleaf evergreen,179,1.89,1,0.1907164480322906
2063,-149.25,64.75,1,Pioneering broadleaf,179,5.12,1,0.5166498486377397
2064,-149.25,64.75,1,Needleleaf evergreen,180,1.92,1,0.21357063403781978
2064,-149.25,64.75,1,Pioneering broadleaf,180,4.14,1,0.4605116796440489
2065,-149.25,64.75,1,Needleleaf evergreen,181,1.97,1,0.2148309705561614
2065,-149.25,64.75,1,Pioneering broadleaf,181,4.2,1,0.45801526717557256
2066,-149.25,64.75,1,Needleleaf evergreen,182,2.02,1,0.21837837837837837
2066,-149.25,64.75,1,Pioneering broadleaf,182,4.26,1,0.4605405405405405
2067,-149.25,64.75,1,Needleleaf evergreen,183,2.07,1,0.21974522292993628
2067,-149.25,64.75,1,Pioneering broadleaf,183,4.32,1,0.4585987261146497
2068,-149.25,64.75,1,Needleleaf evergreen,184,2.09,1,0.2193074501573977
2068,-149.25,64.75,1,Pioneering broadleaf,184,4.37,1,0.4585519412381952
2069,-149.25,64.75,1,Needleleaf evergreen,185,2.15,1,0.22073921971252566
2069,-149.25,64.75,1,Pioneering broadleaf,185,4.44,1,0.4558521560574949
2070,-149.25,64.75,1,Needleleaf evergreen,186,2.18,1,0.22064777327935223
2070,-149.25,64.75,1,Pioneering broadleaf,186,4.5,1,0.4554655870445344
2071,-149.25,64.75,1,Needleleaf evergreen,187,2.23,1,0.22233300099700898
2071,-149.25,64.75,1,Pioneering broadleaf,187,4.55,1,0.4536390827517448
2072,-149.25,64.75,1,Needleleaf evergreen,188,2.27,1,0.22276741903827282
2072,-149.25,64.75,1,Pioneering broadleaf,188,4.61,1,0.45240431795878316
2073,-149.25,64.75,1,Needleleaf evergreen,189,2.35,1,0.22574447646493756
2073,-149.25,64.75,1,Pioneering broadleaf,189,4.68,1,0.44956772334293943
2074,-149.25,64.75,1,Needleleaf evergreen,190,2.4,1,0.2555910543130991
2074,-149.25,64.75,1,Pioneering broadleaf,190,3.55,1,0.3780617678381257
2075,-149.25,64.75,1,Needleleaf evergreen,191,2.47,1,0.2575599582898853
2075,-149.25,64.75,1,Pioneering broadleaf,191,3.61,1,0.37643378519290926
2076,-149.25,64.75,1,Needleleaf evergreen,192,2.53,1,0.25842696629213485
2076,-149.25,64.75,1,Pioneering broadleaf,192,3.67,1,0.37487231869254345
2077,-149.25,64.75,1,Needleleaf evergreen,193,2.56,1,0.2606924643584521
2077,-149.25,64.75,1,Pioneering broadleaf,193,3.72,1,0.3788187372708758
2078,-149.25,64.75,1,Needleleaf evergreen,194,2.57,1,0.25959595959595955
2078,-149.25,64.75,1,Pioneering broadleaf,194,3.76,1,0.37979797979797975
2079,-149.25,64.75,1,Needleleaf evergreen,195,2.51,1,0.2891705069124424
2079,-149.25,64.75,1,Pioneering broadleaf,195,2.54,1,0.2926267281105991
2080,-149.25,64.75,1,Needleleaf evergreen,196,2.59,1,0.2910112359550561
2080,-149.25,64.75,1,Pioneering broadleaf,196,2.59,1,0.2910112359550561
2081,-149.25,64.75,1,Needleleaf evergreen,197,2.7,1,0.30303030303030304
2081,-149.25,64.75,1,Pioneering broadleaf,197,2.63,1,0.2951739618406285
2082,-149.25,64.75,1,Needleleaf evergreen,198,2.61,1,0.2932584269662921
2082,-149.25,64.75,1,Pioneering broadleaf,198,2.67,1,0.3
2083,-149.25,64.75,1,Needleleaf evergreen,199,2.61,1,0.29491525423728815
2083,-149.25,64.75,1,Pioneering broadleaf,199,2.71,1,0.30621468926553674
2084,-149.25,64.75,1,Needleleaf evergreen,200,2.5,1,0.3401360544217687
2084,-149.25,64.75,1,Pioneering broadleaf,200,1.38,1,0.18775510204081633
2085,-149.25,64.75,1,Needleleaf evergreen,201,2.54,1,0.41914191419141916
2085,-149.25,64.75,1,Pioneering broadleaf,201,0,1,0
2086,-149.25,64.75,1,Needleleaf evergreen,202,2.45,1,0.40697674418604657
2086,-149.25,64.75,1,Pioneering broadleaf,202,0,1,0
2087,-149.25,64.75,1,Needleleaf evergreen,203,2.52,1,0.4186046511627907
2087,-149.25,64.75,1,Pioneering broadleaf,203,0,1,0
2088,-149.25,64.75,1,Needleleaf evergreen,204,2.59,1,0.42045454545454547
2088,-149.25,64.75,1,Pioneering broadleaf,204,0,1,0
2089,-149.25,64.75,1,Needleleaf evergreen,205,2.69,1,0.4236220472440945
2089,-149.25,64.75,1,Pioneering broadleaf,205,0,1,0
2090,-149.25,64.75,1,Needleleaf evergreen,206,2.78,1,0.43573667711598746
2090,-149.25,64.75,1,Pioneering broadleaf,206,0,1,0
2091,-149.25,64.75,1,Needleleaf evergreen,207,2.83,1,0.43605546995377503
2091,-149.25,64.75,1,Pioneering broadleaf,207,0,1,0
2092,-149.25,64.75,1,Needleleaf evergreen,208,2.89,1,0.4358974358974359
2092,-149.25,64.75,1,Pioneering broadleaf,208,0,1,0
2093,-149.25,64.75,1,Needleleaf evergreen,209,2.98,1,0.43823529411764706
2093,-149.25,64.75,1,Pioneering broadleaf,209,0,1,0
2094,-149.25,64.75,1,Needleleaf evergreen,210,3.05,1,0.4401154401154401
2094,-149.25,64.75,1,Pioneering broadleaf,210,0,1,0
2095,-149.25,64.75,1,Needleleaf evergreen,211,3.13,1,0.46165191740412975
2095,-149.25,64.75,1,Pioneering broadleaf,211,0,1,0
2096,-149.25,64.75,1,Needleleaf evergreen,212,3.1,1,0.46337817638266066
2096,-149.25,64.75,1,Pioneering broadleaf,212,0,1,0
2097,-149.25,64.75,1,Needleleaf evergreen,213,3.17,1,0.46412884333821375
2097,-149.25,64.75,1,Pioneering broadleaf,213,0,1,0
2098,-149.25,64.75,1,Needleleaf evergreen,214,3.29,1,0.46799431009957326
2098,-149.25,64.75,1,Pioneering broadleaf,214,0,1,0
2099,-149.25,64.75,1,Needleleaf evergreen,215,3.37,1,0.46935933147632314
2099,-149.25,64.75,1,Pioneering broadleaf,215,0,1,0
2100,-149.25,64.75,1,Needleleaf evergreen,216,3.43,1,0.46986301369863015
2100,-149.25,64.75,1,Pioneering broadleaf,216,0,1,0
2101,-149.25,64.75,1,Needleleaf evergreen,217,3.48,1,0.4813278008298755
2101,-149.25,64.75,1,Pioneering broadleaf,217,0,1,0
2102,-149.25,64.75,1,Needleleaf evergreen,218,3.59,1,0.4838274932614555
2102,-149.25,64.75,1,Pioneering broadleaf,218,0,1,0
2103,-149.25,64.75,1,Needleleaf evergreen,219,3.26,1,0.45594405594405596
2103,-149.25,64.75,1,Pioneering broadleaf,219,0,1,0
2104,-149.25,64.75,1,Needleleaf evergreen,220,3.35,1,0.4582763337893297
2104,-149.25,64.75,1,Pioneering broadleaf,220,0,1,0
2105,-149.25,64.75,1,Needleleaf evergreen,221,3.44,1,0.4598930481283422
2105,-149.25,64.75,1,Pioneering broadleaf,221,0,1,0
2106,-149.25,64.75,1,Needleleaf evergreen,222,3.53,1,0.4620418848167539
2106,-149.25,64.75,1,Pioneering broadleaf,222,0,1,0
2107,-149.25,64.75,1,Needleleaf evergreen,223,3.58,1,0.4619354838709678
2107,-149.25,64.75,1,Pioneering broadleaf,223,0,1,0
2108,-149.25,64.75,1,Needleleaf evergreen,224,3.68,1,0.4640605296343001
2108,-149.25,64.75,1,Pioneering broadleaf,224,0,1,0
2109,-149.25,64.75,1,Needleleaf evergreen,225,3.78,1,0.46609124537607893
2109,-149.25,64.75,1,Pioneering broadleaf,225,0,1,0
2110,-149.25,64.75,1,Needleleaf evergreen,226,3.84,1,0.4660194174757281
2110,-149.25,64.75,1,Pioneering broadleaf,226,0,1,0
2111,-149.25,64.75,1,Needleleaf evergreen,227,3.68,1,0.45208845208845205
2111,-149.25,64.75,1,Pioneering broadleaf,227,0,1,0
2112,-149.25,64.75,1,Needleleaf evergreen,228,3.69,1,0.45
2112,-149.25,64.75,1,Pioneering broadleaf,228,0,1,0
2113,-149.25,64.75,1,Needleleaf evergreen,229,3.73,1,0.46049382716049386
2113,-149.25,64.75,1,Pioneering broadleaf,229,0,1,0
2114,-149.25,64.75,1,Needleleaf evergreen,230,3.78,1,0.4598540145985401
2114,-149.25,64.75,1,Pioneering broadleaf,230,0,1,0
2115,-149.25,64.75,1,Needleleaf evergreen,231,3.86,1,0.4611708482676225
2115,-149.25,64.75,1,Pioneering broadleaf,231,0,1,0
2116,-149.25,64.75,1,Needleleaf evergreen,232,3.92,1,0.4622641509433962
2116,-149.25,64.75,1,Pioneering broadleaf,232,0,1,0
2117,-149.25,64.75,1,Needleleaf evergreen,233,3.96,1,0.47425149700598807
2117,-149.25,64.75,1,Pioneering broadleaf,233,0,1,0
2118,-149.25,64.75,1,Needleleaf evergreen,234,3.72,1,0.45532435740514077
2118,-149.25,64.75,1,Pioneering broadleaf,234,0,1,0
2119,-149.25,64.75,1,Needleleaf evergreen,235,3.81,1,0.4579326923076923
2119,-149.25,64.75,1,Pioneering broadleaf,235,0,1,0
2120,-149.25,64.75,1,Needleleaf evergreen,236,3.87,1,0.4574468085106383
2120,-149.25,64.75,1,Pioneering broadleaf,236,0,1,0
2121,-149.25,64.75,1,Needleleaf evergreen,237,3.96,1,0.4599303135888502
2121,-149.25,64.75,1,Pioneering broadleaf,237,0,1,0
2122,-149.25,64.75,1,Needleleaf evergreen,238,3.99,1,0.4586206896551725
2122,-149.25,64.75,1,Pioneering broadleaf,238,0,1,0
2123,-149.25,64.75,1,Needleleaf evergreen,239,4.07,1,0.4609286523216308
2123,-149.25,64.75,1,Pioneering broadleaf,239,0,1,0
2124,-149.25,64.75,1,Needleleaf evergreen,240,4.12,1,0.4613661814109743
2124,-149.25,64.75,1,Pioneering broadleaf,240,0,1,0
2125,-149.25,64.75,1,Needleleaf evergreen,241,4.12,1,0.4613661814109743
2125,-149.25,64.75,1,Pioneering broadleaf,241,0,1,0
2126,-149.25,64.75,1,Needleleaf evergreen,242,4.24,1,0.46491228070175433
2126,-149.25,64.75,1,Pioneering broadleaf,242,0,1,0
2127,-149.25,64.75,1,Needleleaf evergreen,243,4.25,1,0.46296296296296297
2127,-149.25,64.75,1,Pioneering broadleaf,243,0,1,0
2128,-149.25,64.75,1,Needleleaf evergreen,244,4.27,1,0.46162162162162157
2128,-149.25,64.75,1,Pioneering broadleaf,244,0,1,0
2129,-149.25,64.75,1,Needleleaf evergreen,245,4.29,1,0.4593147751605996
2129,-149.25,64.75,1,Pioneering broadleaf,245,0,1,0
2130,-149.25,64.75,1,Needleleaf evergreen,246,4.36,1,0.4608879492600423
2130,-149.25,64.75,1,Pioneering broadleaf,246,0,1,0
2131,-149.25,64.75,1,Needleleaf evergreen,247,4.42,1,0.4737406216505895
2131,-149.25,64.75,1,Pioneering broadleaf,247,0,1,0
2132,-149.25,64.75,1,Needleleaf evergreen,248,4.47,1,0.4745222929936305
2132,-149.25,64.75,1,Pioneering broadleaf,248,0,1,0
2133,-149.25,64.75,1,Needleleaf evergreen,249,4.56,1,0.4764890282131661
2133,-149.25,64.75,1,Pioneering broadleaf,249,0,1,0
2134,-149.25,64.75,1,Needleleaf evergreen,250,4.67,1,0.4804526748971194
2134,-149.25,64.75,1,Pioneering broadleaf,250,0,1,0
2135,-149.25,64.75,1,Needleleaf evergreen,251,4.82,1,0.4844221105527639
2135,-149.25,64.75,1,Pioneering broadleaf,251,0,1,0
2136,-149.25,64.75,1,Needleleaf evergreen,252,4.81,1,0.4814814814814815
2136,-149.25,64.75,1,Pioneering broadleaf,252,0,1,0
2137,-149.25,64.75,1,Needleleaf evergreen,253,4.86,1,0.5105042016806723
2137,-149.25,64.75,1,Pioneering broadleaf,253,0,1,0
2138,-149.25,64.75,1,Needleleaf evergreen,254,4.93,1,0.5119418483904465
2138,-149.25,64.75,1,Pioneering broadleaf,254,0,1,0
2139,-149.25,64.75,1,Needleleaf evergreen,255,5.03,1,0.5148413510747186
2139,-149.25,64.75,1,Pioneering broadleaf,255,0,1,0
2140,-149.25,64.75,1,Needleleaf evergreen,256,5.07,1,0.514720812182741
2140,-149.25,64.75,1,Pioneering broadleaf,256,0,1,0
2141,-149.25,64.75,1,Needleleaf evergreen,257,5.18,1,0.5174825174825175
2141,-149.25,64.75,1,Pioneering broadleaf,257,0,1,0
2142,-149.25,64.75,1,Needleleaf evergreen,258,5.28,1,0.5201970443349754
2142,-149.25,64.75,1,Pioneering broadleaf,258,0,1,0
2143,-149.25,64.75,1,Needleleaf evergreen,259,5.37,1,0.522373540856031
2143,-149.25,64.75,1,Pioneering broadleaf,259,0,1,0
2144,-149.25,64.75,1,Needleleaf evergreen,260,5.36,1,0.5198836081474297
2144,-149.25,64.75,1,Pioneering broadleaf,260,0,1,0
2145,-149.25,64.75,1,Needleleaf evergreen,261,5.37,1,0.5337972166998012
2145,-149.25,64.75,1,Pioneering broadleaf,261,0,1,0
2146,-149.25,64.75,1,Needleleaf evergreen,262,5.45,1,0.5358898721730581
2146,-149.25,64.75,1,Pioneering broadleaf,262,0,1,0
2147,-149.25,64.75,1,Needleleaf evergreen,263,5.54,1,0.5383867832847425
2147,-149.25,64.75,1,Pioneering broadleaf,263,0,1,0
2148,-149.25,64.75,1,Needleleaf evergreen,264,5.65,1,0.541706615532119
2148,-149.25,64.75,1,Pioneering broadleaf,264,0,1,0
2149,-149.25,64.75,1,Needleleaf evergreen,265,5.72,1,0.5432098765432098
2149,-149.25,64.75,1,Pioneering broadleaf,265,0,1,0
2150,-149.25,64.75,1,Needleleaf evergreen,266,5.85,1,0.5467289719626168
2150,-149.25,64.75,1,Pioneering broadleaf,266,0,1,0
2151,-149.25,64.75,1,Needleleaf evergreen,267,5.99,1,0.5661625708884688
2151,-149.25,64.75,1,Pioneering broadleaf,267,0,1,0
2152,-149.25,64.75,1,Needleleaf evergreen,268,6.1,1,0.5690298507462687
2152,-149.25,64.75,1,Pioneering broadleaf,268,0,1,0
2153,-149.25,64.75,1,Needleleaf evergreen,269,6.2,1,0.5719557195571956
2153,-149.25,64.75,1,Pioneering broadleaf,269,0,1,0
2154,-149.25,64.75,1,Needleleaf evergreen,270,6.19,1,0.5699815837937385
2154,-149.25,64.75,1,Pioneering broadleaf,270,0,1,0
2155,-149.25,64.75,1,Needleleaf evergreen,271,6.27,1,0.5710382513661202
2155,-149.25,64.75,1,Pioneering broadleaf,271,0,1,0
2156,-149.25,64.75,1,Needleleaf evergreen,272,6.39,1,0.5741239892183289
2156,-149.25,64.75,1,Pioneering broadleaf,272,0,1,0
2157,-149.25,64.75,1,Needleleaf evergreen,273,6.46,1,0.5757575757575758
2157,-149.25,64.75,1,Pioneering broadleaf,273,0,1,0
2158,-149.25,64.75,1,Needleleaf evergreen,274,6.53,1,0.5778761061946902
2158,-149.25,64.75,1,Pioneering broadleaf,274,0,1,0
2159,-149.25,64.75,1,Needleleaf evergreen,275,6.66,1,0.6348903717826502
2159,-149.25,64.75,1,Pioneering broadleaf,275,0,1,0
2160,-149.25,64.75,1,Needleleaf evergreen,276,6.81,1,0.6388367729831144
2160,-149.25,64.75,1,Pioneering broadleaf,276,0,1,0
2161,-149.25,64.75,1,Needleleaf evergreen,277,6.94,1,0.6419981498612396
2161,-149.25,64.75,1,Pioneering broadleaf,277,0,1,0
2162,-149.25,64.75,1,Needleleaf evergreen,278,7.1,1,0.646041856232939
2162,-149.25,64.75,1,Pioneering broadleaf,278,0,1,0
2163,-149.25,64.75,1,Needleleaf evergreen,279,7.18,1,0.6672862453531598
2163,-149.25,64.75,1,Pioneering broadleaf,279,0,1,0
2164,-149.25,64.75,1,Needleleaf evergreen,280,7.31,1,0.6706422018348625
2164,-149.25,64.75,1,Pioneering broadleaf,280,0,1,0
2165,-149.25,64.75,1,Needleleaf evergreen,281,7.24,1,0.6678966789667897
2165,-149.25,64.75,1,Pioneering broadleaf,281,0,1,0
2166,-149.25,64.75,1,Needleleaf evergreen,282,7.29,1,0.6688073394495413
2166,-149.25,64.75,1,Pioneering broadleaf,282,0,1,0
2167,-149.25,64.75,1,Needleleaf evergreen,283,7.46,1,0.6732851985559567
2167,-149.25,64.75,1,Pioneering broadleaf,283,0,1,0
2168,-149.25,64.75,1,Needleleaf evergreen,284,7.62,1,0.6767317939609236
2168,-149.25,64.75,1,Pioneering broadleaf,284,0,1,0
2169,-149.25,64.75,1,Needleleaf evergreen,285,7.76,1,0.6801051709027169
2169,-149.25,64.75,1,Pioneering broadleaf,285,0,1,0
2170,-149.25,64.75,1,Needleleaf evergreen,286,7.9,1,0.6833910034602076
2170,-149.25,64.75,1,Pioneering broadleaf,286,0,1,0
2171,-149.25,64.75,1,Needleleaf evergreen,287,7.99,1,0.7058303886925795
2171,-149.25,64.75,1,Pioneering broadleaf,287,0,1,0
2172,-149.25,64.75,1,Needleleaf evergreen,288,8.04,1,0.7282608695652174
2172,-149.25,64.75,1,Pioneering broadleaf,288,0,1,0
2173,-149.25,64.75,1,Needleleaf evergreen,289,8.08,1,0.7285843101893598
2173,-149.25,64.75,1,Pioneering broadleaf,289,0,1,0
2174,-149.25,64.75,1,Needleleaf evergreen,290,8.07,1,0.7276825969341749
2174,-149.25,64.75,1,Pioneering broadleaf,290,0,1,0
2175,-149.25,64.75,1,Needleleaf evergreen,291,8.21,1,0.7532110091743119
2175,-149.25,64.75,1,Pioneering broadleaf,291,0,1,0
2176,-149.25,64.75,1,Needleleaf evergreen,292,8.38,1,0.7563176895306859
2176,-149.25,64.75,1,Pioneering broadleaf,292,0,1,0
2177,-149.25,64.75,1,Needleleaf evergreen,293,8.48,1,0.7822878228782288
2177,-149.25,64.75,1,Pioneering broadleaf,293,0,1,0
2178,-149.25,64.75,1,Needleleaf evergreen,294,8.56,1,0.7831655992680696
2178,-149.25,64.75,1,Pioneering broadleaf,294,0,1,0
2179,-149.25,64.75,1,Needleleaf evergreen,295,8.65,1,0.7849364791288567
2179,-149.25,64.75,1,Pioneering broadleaf,295,0,1,0
2180,-149.25,64.75,1,Needleleaf evergreen,296,8.74,1,0.7866786678667868
2180,-149.25,64.75,1,Pioneering broadleaf,296,0,1,0
2181,-149.25,64.75,1,Needleleaf evergreen,297,8.83,1,0.7876895628902765
2181,-149.25,64.75,1,Pioneering broadleaf,297,0,1,0
2182,-149.25,64.75,1,Needleleaf evergreen,298,8.96,1,0.7901234567901235
2182,-149.25,64.75,1,Pioneering broadleaf,298,0,1,0
2183,-149.25,64.75,1,Needleleaf evergreen,299,9.03,1,0.7914110429447853
2183,-149.25,64.75,1,Pioneering broadleaf,299,0,1,0
2184,-149.25,64.75,1,Needleleaf evergreen,300,9.22,1,0.7941429801894918
2184,-149.25,64.75,1,Pioneering broadleaf,300,0,1,0
2185,-149.25,64.75,1,Needleleaf evergreen,301,9.3,1,0.795551753635586
2185,-149.25,64.75,1,Pioneering broadleaf,301,0,1,0
2186,-149.25,64.75,1,Needleleaf evergreen,302,9.24,1,0.7944969905417024
2186,-149.25,64.75,1,Pioneering broadleaf,302,0,1,0
2187,-149.25,64.75,1,Needleleaf evergreen,303,9.32,1,0.8197009674582233
2187,-149.25,64.75,1,Pioneering broadleaf,303,0,1,0
2188,-149.25,64.75,1,Needleleaf evergreen,304,9.17,1,0.8172905525846703
2188,-149.25,64.75,1,Pioneering broadleaf,304,0,1,0
2189,-149.25,64.75,1,Needleleaf evergreen,305,9.29,1,0.8445454545454545
2189,-149.25,64.75,1,Pioneering broadleaf,305,0,1,0
2190,-149.25,64.75,1,Needleleaf evergreen,306,9.46,1,0.846911369740376
2190,-149.25,64.75,1,Pioneering broadleaf,306,0,1,0
2191,-149.25,64.75,1,Needleleaf evergreen,307,9.63,1,0.8492063492063493
2191,-149.25,64.75,1,Pioneering broadleaf,307,0,1,0
2192,-149.25,64.75,1,Needleleaf evergreen,308,9.72,1,0.8496503496503496
2192,-149.25,64.75,1,Pioneering broadleaf,308,0,1,0
2193,-149.25,64.75,1,Needleleaf evergreen,309,9.69,1,0.8492550394390884
2193,-149.25,64.75,1,Pioneering broadleaf,309,0,1,0
2194,-149.25,64.75,1,Needleleaf evergreen,310,9.8,1,0.8506944444444444
2194,-149.25,64.75,1,Pioneering broadleaf,310,0,1,0
2195,-149.25,64.75,1,Needleleaf evergreen,311,9.96,1,0.8527397260273972
2195,-149.25,64.75,1,Pioneering broadleaf,311,0,1,0
2196,-149.25,64.75,1,Needleleaf evergreen,312,10.05,1,0.8538657604078165
2196,-149.25,64.75,1,Pioneering broadleaf,312,0,1,0
2197,-149.25,64.75,1,Needleleaf evergreen,313,10.14,1,0.8549747048903878
2197,-149.25,64.75,1,Pioneering broadleaf,313,0,1,0
2198,-149.25,64.75,1,Needleleaf evergreen,314,10.26,1,0.8564273789649415
2198,-149.25,64.75,1,Pioneering broadleaf,314,0,1,0
2199,-149.25,64.75,1,Needleleaf evergreen,315,10.47,1,0.9104347826086957
2199,-149.25,64.75,1,Pioneering broadleaf,315,0,1,0
2200,-149.25,64.75,1,Needleleaf evergreen,316,10.57,1,0.9112068965517242
2200,-149.25,64.75,1,Pioneering broadleaf,316,0,1,0
2201,-149.25,64.75,1,Needleleaf evergreen,317,10.61,1,0.911512027491409
2201,-149.25,64.75,1,Pioneering broadleaf,317,0,1,0
2202,-149.25,64.75,1,Needleleaf evergreen,318,10.76,1,0.9126378286683631
2202,-149.25,64.75,1,Pioneering broadleaf,318,0,1,0
2203,-149.25,64.75,1,Needleleaf evergreen,319,10.89,1,0.9135906040268457
2203,-149.25,64.75,1,Pioneering broadleaf,319,0,1,0
2204,-149.25,64.75,1,Needleleaf evergreen,320,10.94,1,0.913951545530493
2204,-149.25,64.75,1,Pioneering broadleaf,320,0,1,0
2205,-149.25,64.75,1,Needleleaf evergreen,321,11.06,1,0.9412765957446809
2205,-149.25,64.75,1,Pioneering broadleaf,321,0,1,0
2206,-149.25,64.75,1,Needleleaf evergreen,322,10.97,1,0.9408233276157805
2206,-149.25,64.75,1,Pioneering broadleaf,322,0,1,0
2207,-149.25,64.75,1,Needleleaf evergreen,323,11.12,1,0.9415749364944962
2207,-149.25,64.75,1,Pioneering broadleaf,323,0,1,0
2208,-149.25,64.75,1,Needleleaf evergreen,324,10.93,1,0.940619621342513
2208,-149.25,64.75,1,Pioneering broadleaf,324,0,1,0
2209,-149.25,64.75,1,Needleleaf evergreen,325,11.02,1,0.9410760034158839
2209,-149.25,64.75,1,Pioneering broadleaf,325,0,1,0
2210,-149.25,64.75,1,Needleleaf evergreen,326,11.16,1,0.9417721518987342
2210,-149.25,64.75,1,Pioneering broadleaf,326,0,1,0
2211,-149.25,64.75,1,Needleleaf evergreen,327,11.27,1,0.9423076923076923
2211,-149.25,64.75,1,Pioneering broadleaf,327,0,1,0
2212,-149.25,64.75,1,Needleleaf evergreen,328,11.43,1,0.9430693069306931
2212,-149.25,64.75,1,Pioneering broadleaf,328,0,1,0
2213,-149.25,64.75,1,Needleleaf evergreen,329,11.54,1,0.9435813573180704
2213,-149.25,64.75,1,Pioneering broadleaf,329,0,1,0
2214,-149.25,64.75,1,Needleleaf evergreen,330,11.69,1,0.944264943457189
2214,-149.25,64.75,1,Pioneering broadleaf,330,0,1,0
2215,-149.25,64.75,1,Needleleaf evergreen,331,11.59,1,0.9438110749185669
2215,-149.25,64.75,1,Pioneering broadleaf,331,0,1,0
2216,-149.25,64.75,1,Needleleaf evergreen,332,11.53,1,0.9435351882160393
2216,-149.25,64.75,1,Pioneering broadleaf,332,0,1,0
2217,-149.25,64.75,1,Needleleaf evergreen,333,11.61,1,0.9439024390243903
2217,-149.25,64.75,1,Pioneering broadleaf,333,0,1,0
2218,-149.25,64.75,1,Needleleaf evergreen,334,11.74,1,0.9710504549214227
2218,-149.25,64.75,1,Pioneering broadleaf,334,0,1,0
2219,-149.25,64.75,1,Needleleaf evergreen,335,10.07,1,0.9664107485604607
2219,-149.25,64.75,1,Pioneering broadleaf,335,0,1,0
2220,-149.25,64.75,1,Needleleaf evergreen,336,10.18,1,0.9667616334283001
2220,-149.25,64.75,1,Pioneering broadleaf,336,0,1,0
2221,-149.25,64.75,1,Needleleaf evergreen,337,9.84,1,0.9656526005888126
2221,-149.25,64.75,1,Pioneering broadleaf,337,0,1,0
2222,-149.25,64.75,1,Needleleaf evergreen,338,9.96,1,0.9660523763336567
2222,-149.25,64.75,1,Pioneering broadleaf,338,0,1,0
2223,-149.25,64.75,1,Needleleaf evergreen,339,10.15,1,0.9657469077069458
2223,-149.25,64.75,1,Pioneering broadleaf,339,0,1,0
2224,-149.25,64.75,1,Needleleaf evergreen,340,10.3,1,0.9662288930581614
2224,-149.25,64.75,1,Pioneering broadleaf,340,0,1,0
2225,-149.25,64.75,1,Needleleaf evergreen,341,9.88,1,0.9648437500000001
2225,-149.25,64.75,1,Pioneering broadleaf,341,0,1,0
2226,-149.25,64.75,1,Needleleaf evergreen,342,8.01,1,0.956989247311828
2226,-149.25,64.75,1,Pioneering broadleaf,342,0,1,0
2227,-149.25,64.75,1,Needleleaf evergreen,343,8.22,1,0.9569266589057044
2227,-149.25,64.75,1,Pioneering broadleaf,343,0,1,0
2228,-149.25,64.75,1,Needleleaf evergreen,344,8.33,1,0.9563719862227325
2228,-149.25,64.75,1,Pioneering broadleaf,344,0,1,0
2229,-149.25,64.75,1,Needleleaf evergreen,345,8.46,1,0.9548532731376975
2229,-149.25,64.75,1,Pioneering broadleaf,345,0,1,0
2230,-149.25,64.75,1,Needleleaf evergreen,346,8.6,1,0.9534368070953437
2230,-149.25,64.75,1,Pioneering broadleaf,346,0,1,0
2231,-149.25,64.75,1,Needleleaf evergreen,347,8.71,1,0.951912568306011
2231,-149.25,64.75,1,Pioneering broadleaf,347,0,1,0
2232,-149.25,64.75,1,Needleleaf evergreen,348,8.81,1,0.9865621500559911
2232,-149.25,64.75,1,Pioneering broadleaf,348,0,1,0
2233,-149.25,64.75,1,Needleleaf evergreen,349,8.9,1,0.9866962305986697
2233,-149.25,64.75,1,Pioneering broadleaf,349,0,1,0
2234,-149.25,64.75,1,Needleleaf evergreen,350,9.08,1,0.9858849077090118
2234,-149.25,64.75,1,Pioneering broadleaf,350,0,1,0
2235,-149.25,64.75,1,Needleleaf evergreen,351,9.18,1,0.9860365198711063
2235,-149.25,64.75,1,Pioneering broadleaf,351,0,1,0
2236,-149.25,64.75,1,Needleleaf evergreen,352,7.42,1,0.9801849405548216
2236,-149.25,64.75,1,Pioneering broadleaf,352,0,1,0
2237,-149.25,64.75,1,Needleleaf evergreen,353,7.56,1,0.9754838709677419
2237,-149.25,64.75,1,Pioneering broadleaf,353,0,1,0
2238,-149.25,64.75,1,Needleleaf evergreen,354,7.29,1,0.970705725699068
2238,-149.25,64.75,1,Pioneering broadleaf,354,0,1,0
2239,-149.25,64.75,1,Needleleaf evergreen,355,7.34,1,0.9708994708994709
2239,-149.25,64.75,1,Pioneering broadleaf,355,0,1,0
2240,-149.25,64.75,1,Needleleaf evergreen,356,7.45,1,0.9675324675324676
2240,-149.25,64.75,1,Pioneering broadleaf,356,0,1,0
2241,-149.25,64.75,1,Needleleaf evergreen,357,6.88,1,0.9676511954992967
2241,-149.25,64.75,1,Pioneering broadleaf,357,0,1,0
2242,-149.25,64.75,1,Needleleaf evergreen,358,7,1,0.9668508287292817
2242,-149.25,64.75,1,Pioneering broadleaf,358,0,1,0
2243,-149.25,64.75,1,Needleleaf evergreen,359,7.1,1,0.9633649932157395
2243,-149.25,64.75,1,Pioneering broadleaf,359,0,1,0
2244,-149.25,64.75,1,Needleleaf evergreen,360,7.19,1,0.9663978494623656
2244,-149.25,64.75,1,Pioneering broadleaf,360,0,1,0
2245,-149.25,64.75,1,Needleleaf evergreen,361,7.3,1,0.964332892998679
2245,-149.25,64.75,1,Pioneering broadleaf,361,0,1,0
2246,-149.25,64.75,1,Needleleaf evergreen,362,7.14,1,0.970108695652174
2246,-149.25,64.75,1,Pioneering broadleaf,362,0,1,0
2247,-149.25,64.75,1,Needleleaf evergreen,363,7.22,1,0.9652406417112299
2247,-149.25,64.75,1,Pioneering broadleaf,363,0,1,0
2248,-149.25,64.75,1,Needleleaf evergreen,364,5.12,1,0.9570093457943925
2248,-149.25,64.75,1,Pioneering broadleaf,364,0,1,0
2249,-149.25,64.75,1,Needleleaf evergreen,365,5.23,1,0.9440433212996391
2249,-149.25,64.75,1,Pioneering broadleaf,365,0,1,0
2250,-149.25,64.75,1,Needleleaf evergreen,366,5.34,1,0.9434628975265017
2250,-149.25,64.75,1,Pioneering broadleaf,366,0,1,0
2251,-149.25,64.75,1,Needleleaf evergreen,367,5.43,1,0.9493006993006993
2251,-149.25,64.75,1,Pioneering broadleaf,367,0,1,0
2252,-149.25,64.75,1,Needleleaf evergreen,368,5.56,1,0.9439728353140917
2252,-149.25,64.75,1,Pioneering broadleaf,368,0,1,0
2253,-149.25,64.75,1,Needleleaf evergreen,369,5.67,1,0.9529411764705882
2253,-149.25,64.75,1,Pioneering broadleaf,369,0,1,0
2254,-149.25,64.75,1,Needleleaf evergreen,370,5.75,1,0.9583333333333334
2254,-149.25,64.75,1,Pioneering broadleaf,370,0,1,0
2255,-149.25,64.75,1,Needleleaf evergreen,371,5.33,1,0.9586330935251798
2255,-149.25,64.75,1,Pioneering broadleaf,371,0,1,0
2256,-149.25,64.75,1,Needleleaf evergreen,372,5.44,1,0.9577464788732394
2256,-149.25,64.75,1,Pioneering broadleaf,372,0,1,0
2257,-149.25,64.75,1,Needleleaf evergreen,373,5.53,1,0.9617391304347827
2257,-149.25,64.75,1,Pioneering broadleaf,373,0,1,0
2258,-149.25,64.75,1,Needleleaf evergreen,374,5.61,1,0.9655765920826161
2258,-149.25,64.75,1,Pioneering broadleaf,374,0,1,0
2259,-149.25,64.75,1,Needleleaf evergreen,375,5.4,1,0.9642857142857143
2259,-149.25,64.75,1,Pioneering broadleaf,375,0,1,0
2260,-149.25,64.75,1,Needleleaf evergreen,376,5.5,1,0.9598603839441535
2260,-149.25,64.75,1,Pioneering broadleaf,376,0,1,0
2261,-149.25,64.75,1,Needleleaf evergreen,377,5.59,1,0.9604810996563573
2261,-149.25,64.75,1,Pioneering broadleaf,377,0,1,0
2262,-149.25,64.75,1,Needleleaf evergreen,378,5.69,1,0.9627749576988156
2262,-149.25,64.75,1,Pioneering broadleaf,378,0,1,0
2263,-149.25,64.75,1,Needleleaf evergreen,379,5.76,1,0.9680672268907562
2263,-149.25,64.75,1,Pioneering broadleaf,379,0,1,0
2264,-149.25,64.75,1,Needleleaf evergreen,380,5.84,1,0.9700996677740864
2264,-149.25,64.75,1,Pioneering broadleaf,380,0,1,0
2265,-149.25,64.75,1,Needleleaf evergreen,381,5.95,1,0.9706362153344209
2265,-149.25,64.75,1,Pioneering broadleaf,381,0,1,0
2266,-149.25,64.75,1,Needleleaf evergreen,382,6.06,1,0.9727126805778491
2266,-149.25,64.75,1,Pioneering broadleaf,382,0,1,0
2267,-149.25,64.75,1,Needleleaf evergreen,383,6.18,1,0.9732283464566929
2267,-149.25,64.75,1,Pioneering broadleaf,383,0,1,0
2268,-149.25,64.75,1,Needleleaf evergreen,384,6.29,1,0.9751937984496124
2268,-149.25,64.75,1,Pioneering broadleaf,384,0,1,0
2269,-149.25,64.75,1,Needleleaf evergreen,385,6.41,1,0.9786259541984733
2269,-149.25,64.75,1,Pioneering broadleaf,385,0,1,0
2270,-149.25,64.75,1,Needleleaf evergreen,0,0,2,0
2270,-149.25,64.75,1,Pioneering broadleaf,0,0,2,0
2271,-149.25,64.75,1,Needleleaf evergreen,1,0,2,0
2271,-149.25,64.75,1,Pioneering broadleaf,1,0,2,0
2272,-149.25,64.75,1,Needleleaf evergreen,2,0,2,0
2272,-149.25,64.75,1,Pioneering broadleaf,2,0.02,2,0.05263157894736842
2273,-149.25,64.75,1,Needleleaf evergreen,3,0,2,0
2273,-149.25,64.75,1,Pioneering broadleaf,3,0.03,2,0.05555555555555555
2274,-149.25,64.75,1,Needleleaf evergreen,4,0.01,2,0.013698630136986302
2274,-149.25,64.75,1,Pioneering broadleaf,4,0.06,2,0.0821917808219178
2275,-149.25,64.75,1,Needleleaf evergreen,5,0.01,2,0.012048192771084336
2275,-149.25,64.75,1,Pioneering broadleaf,5,0.09,2,0.10843373493975902
2276,-149.25,64.75,1,Needleleaf evergreen,6,0.01,2,0.010101010101010102
2276,-149.25,64.75,1,Pioneering broadleaf,6,0.13,2,0.13131313131313133
2277,-149.25,64.75,1,Needleleaf evergreen,7,0.04,2,0.038461538461538464
2277,-149.25,64.75,1,Pioneering broadleaf,7,0.18,2,0.17307692307692307
2278,-149.25,64.75,1,Needleleaf evergreen,8,0.05,2,0.043478260869565216
2278,-149.25,64.75,1,Pioneering broadleaf,8,0.24,2,0.208695652173913
2279,-149.25,64.75,1,Needleleaf evergreen,9,0.06,2,0.048
2279,-149.25,64.75,1,Pioneering broadleaf,9,0.31,2,0.248
2280,-149.25,64.75,1,Needleleaf evergreen,10,0.07,2,0.050359712230215826
2280,-149.25,64.75,1,Pioneering broadleaf,10,0.4,2,0.28776978417266186
2281,-149.25,64.75,1,Needleleaf evergreen,11,0.08,2,0.05128205128205128
2281,-149.25,64.75,1,Pioneering broadleaf,11,0.52,2,0.3333333333333333
2282,-149.25,64.75,1,Needleleaf evergreen,12,0.1,2,0.057803468208092484
2282,-149.25,64.75,1,Pioneering broadleaf,12,0.63,2,0.36416184971098264
2283,-149.25,64.75,1,Needleleaf evergreen,13,0.11,2,0.056701030927835044
2283,-149.25,64.75,1,Pioneering broadleaf,13,0.8,2,0.41237113402061853
2284,-149.25,64.75,1,Needleleaf evergreen,14,0.12,2,0.05429864253393665
2284,-149.25,64.75,1,Pioneering broadleaf,14,1.01,2,0.45701357466063347
2285,-149.25,64.75,1,Needleleaf evergreen,15,0.12,2,0.05042016806722689
2285,-149.25,64.75,1,Pioneering broadleaf,15,1.16,2,0.48739495798319327
2286,-149.25,64.75,1,Needleleaf evergreen,16,0.13,2,0.04961832061068702
2286,-149.25,64.75,1,Pioneering broadleaf,16,1.34,2,0.5114503816793893
2287,-149.25,64.75,1,Needleleaf evergreen,17,0.13,2,0.045774647887323945
2287,-149.25,64.75,1,Pioneering broadleaf,17,1.55,2,0.545774647887324
2288,-149.25,64.75,1,Needleleaf evergreen,18,0.13,2,0.041666666666666664
2288,-149.25,64.75,1,Pioneering broadleaf,18,1.82,2,0.5833333333333334
2289,-149.25,64.75,1,Needleleaf evergreen,19,0.12,2,0.03614457831325301
2289,-149.25,64.75,1,Pioneering broadleaf,19,2.05,2,0.6174698795180723
2290,-149.25,64.75,1,Needleleaf evergreen,20,0.12,2,0.03409090909090909
2290,-149.25,64.75,1,Pioneering broadleaf,20,2.29,2,0.6505681818181819
2291,-149.25,64.75,1,Needleleaf evergreen,21,0.11,2,0.029729729729729728
2291,-149.25,64.75,1,Pioneering broadleaf,21,2.52,2,0.681081081081081
2292,-149.25,64.75,1,Needleleaf evergreen,22,0.1,2,0.02590673575129534
2292,-149.25,64.75,1,Pioneering broadleaf,22,2.71,2,0.7020725388601037
2293,-149.25,64.75,1,Needleleaf evergreen,23,0.1,2,0.02457002457002457
2293,-149.25,64.75,1,Pioneering broadleaf,23,2.96,2,0.7272727272727272
2294,-149.25,64.75,1,Needleleaf evergreen,24,0.09,2,0.02122641509433962
2294,-149.25,64.75,1,Pioneering broadleaf,24,3.18,2,0.75
2295,-149.25,64.75,1,Needleleaf evergreen,25,0.09,2,0.021077283372365342
2295,-149.25,64.75,1,Pioneering broadleaf,25,3.25,2,0.7611241217798596
2296,-149.25,64.75,1,Needleleaf evergreen,26,0.09,2,0.020361990950226245
2296,-149.25,64.75,1,Pioneering broadleaf,26,3.43,2,0.7760180995475113
2297,-149.25,64.75,1,Needleleaf evergreen,27,0.06,2,0.014925373134328356
2297,-149.25,64.75,1,Pioneering broadleaf,27,3.16,2,0.7860696517412935
2298,-149.25,64.75,1,Needleleaf evergreen,28,0,2,0
2298,-149.25,64.75,1,Pioneering broadleaf,28,2.54,2,1
1850,-149.25,64.75,1,Needleleaf evergreen,299,6.44,0,0.7053669222343921
1850,-149.25,64.75,1,Pioneering broadleaf,299,0,0,0
1851,-149.25,64.75,1,Needleleaf evergreen,300,6.57,0,0.7087378640776699
1851,-149.25,64.75,1,Pioneering broadleaf,300,0,0,0
1852,-149.25,64.75,1,Needleleaf evergreen,301,6.05,0,0.6906392694063926
1852,-149.25,64.75,1,Pioneering broadleaf,301,0,0,0
1853,-149.25,64.75,1,Needleleaf evergreen,302,5.93,0,0.6855491329479768
1853,-149.25,64.75,1,Pioneering broadleaf,302,0,0,0
1854,-149.25,64.75,1,Needleleaf evergreen,303,6.03,0,0.6891428571428572
1854,-149.25,64.75,1,Pioneering broadleaf,303,0,0,0
1855,-149.25,64.75,1,Needleleaf evergreen,304,6.14,0,0.713953488372093
1855,-149.25,64.75,1,Pioneering broadleaf,304,0,0,0
1856,-149.25,64.75,1,Needleleaf evergreen,305,6.21,0,0.7154377880184332
1856,-149.25,64.75,1,Pioneering broadleaf,305,0,0,0
1857,-149.25,64.75,1,Needleleaf evergreen,306,6.05,0,0.7092614302461899
1857,-149.25,64.75,1,Pioneering broadleaf,306,0,0,0
1858,-149.25,64.75,1,Needleleaf evergreen,307,6.13,0,0.7119628339140535
1858,-149.25,64.75,1,Pioneering broadleaf,307,0,0,0
1859,-149.25,64.75,1,Needleleaf evergreen,308,6.21,0,0.7204176334106728
1859,-149.25,64.75,1,Pioneering broadleaf,308,0,0,0
1860,-149.25,64.75,1,Needleleaf evergreen,309,6.17,0,0.7191142191142191
1860,-149.25,64.75,1,Pioneering broadleaf,309,0,0,0
1861,-149.25,64.75,1,Needleleaf evergreen,310,6.14,0,0.7406513872135103
1861,-149.25,64.75,1,Pioneering broadleaf,310,0,0,0
1862,-149.25,64.75,1,Needleleaf evergreen,311,5.48,0,0.7445652173913043
1862,-149.25,64.75,1,Pioneering broadleaf,311,0,0,0
1863,-149.25,64.75,1,Needleleaf evergreen,312,5.59,0,0.7483266398929049
1863,-149.25,64.75,1,Pioneering broadleaf,312,0,0,0
1864,-149.25,64.75,1,Needleleaf evergreen,313,5.68,0,0.750330250990753
1864,-149.25,64.75,1,Pioneering broadleaf,313,0,0,0
1865,-149.25,64.75,1,Needleleaf evergreen,314,5.64,0,0.749003984063745
1865,-149.25,64.75,1,Pioneering broadleaf,314,0,0,0
1866,-149.25,64.75,1,Needleleaf evergreen,315,5.76,0,0.7519582245430809
1866,-149.25,64.75,1,Pioneering broadleaf,315,0,0,0
1867,-149.25,64.75,1,Needleleaf evergreen,316,5.85,0,0.7548387096774193
1867,-149.25,64.75,1,Pioneering broadleaf,316,0,0,0
1868,-149.25,64.75,1,Needleleaf evergreen,317,5.99,0,0.7591888466413181
1868,-149.25,64.75,1,Pioneering broadleaf,317,0,0,0
1869,-149.25,64.75,1,Needleleaf evergreen,318,6.07,0,0.7606516290726817
1869,-149.25,64.75,1,Pioneering broadleaf,318,0,0,0
1870,-149.25,64.75,1,Needleleaf evergreen,319,5.74,0,0.7777777777777778
1870,-149.25,64.75,1,Pioneering broadleaf,319,0,0,0
1871,-149.25,64.75,1,Needleleaf evergreen,320,5.86,0,0.7813333333333333
1871,-149.25,64.75,1,Pioneering broadleaf,320,0,0,0
1872,-149.25,64.75,1,Needleleaf evergreen,321,5.94,0,0.7836411609498681
1872,-149.25,64.75,1,Pioneering broadleaf,321,0,0,0
1873,-149.25,64.75,1,Needleleaf evergreen,322,5.21,0,0.7605839416058394
1873,-149.25,64.75,1,Pioneering broadleaf,322,0,0,0
1874,-149.25,64.75,1,Needleleaf evergreen,323,5.17,0,0.7591776798825257
1874,-149.25,64.75,1,Pioneering broadleaf,323,0,0,0
1875,-149.25,64.75,1,Needleleaf evergreen,324,5.29,0,0.7622478386167147
1875,-149.25,64.75,1,Pioneering broadleaf,324,0,0,0
1876,-149.25,64.75,1,Needleleaf evergreen,325,5.35,0,0.7642857142857142
1876,-149.25,64.75,1,Pioneering broadleaf,325,0,0,0
1877,-149.25,64.75,1,Needleleaf evergreen,326,5.12,0,0.7562776957163959
1877,-149.25,64.75,1,Pioneering broadleaf,326,0,0,0
1878,-149.25,64.75,1,Needleleaf evergreen,327,5.08,0,0.7548291233283804
1878,-149.25,64.75,1,Pioneering broadleaf,327,0,0,0
1879,-149.25,64.75,1,Needleleaf evergreen,328,5.14,0,0.7558823529411764
1879,-149.25,64.75,1,Pioneering broadleaf,328,0,0,0
1880,-149.25,64.75,1,Needleleaf evergreen,329,4.9,0,0.7469512195121951
1880,-149.25,64.75,1,Pioneering broadleaf,329,0,0,0
1881,-149.25,64.75,1,Needleleaf evergreen,330,5.03,0,0.7518684603886397
1881,-149.25,64.75,1,Pioneering broadleaf,330,0,0,0
1882,-149.25,64.75,1,Needleleaf evergreen,331,5.15,0,0.7562408223201175
1882,-149.25,64.75,1,Pioneering broadleaf,331,0,0,0
1883,-149.25,64.75,1,Needleleaf evergreen,332,5.25,0,0.7575757575757576
1883,-149.25,64.75,1,Pioneering broadleaf,332,0,0,0
1884,-149.25,64.75,1,Needleleaf evergreen,0,0,1,0
1884,-149.25,64.75,1,Pioneering broadleaf,0,0,1,0
1885,-149.25,64.75,1,Needleleaf evergreen,1,0,1,0
1885,-149.25,64.75,1,Pioneering broadleaf,1,0,1,0
1886,-149.25,64.75,1,Needleleaf evergreen,2,0,1,0
1886,-149.25,64.75,1,Pioneering broadleaf,2,0.01,1,0.030303030303030297
1887,-149.25,64.75,1,Needleleaf evergreen,3,0,1,0
1887,-149.25,64.75,1,Pioneering broadleaf,3,0.02,1,0.044444444444444446
1888,-149.25,64.75,1,Needleleaf evergreen,4,0.01,1,0.016129032258064516
1888,-149.25,64.75,1,Pioneering broadleaf,4,0.02,1,0.03225806451612903
1889,-149.25,64.75,1,Needleleaf evergreen,5,0.01,1,0.012820512820512822
1889,-149.25,64.75,1,Pioneering broadleaf,5,0.04,1,0.05128205128205129
1890,-149.25,64.75,1,Needleleaf evergreen,6,0.01,1,0.010869565217391304
1890,-149.25,64.75,1,Pioneering broadleaf,6,0.06,1,0.06521739130434782
1891,-149.25,64.75,1,Needleleaf evergreen,7,0.03,1,0.03571428571428571
1891,-149.25,64.75,1,Pioneering broadleaf,7,0.07,1,0.08333333333333333
1892,-149.25,64.75,1,Needleleaf evergreen,8,0.03,1,0.037037037037037035
1892,-149.25,64.75,1,Pioneering broadleaf,8,0.09,1,0.11111111111111112
1893,-149.25,64.75,1,Needleleaf evergreen,9,0.04,1,0.04395604395604395
1893,-149.25,64.75,1,Pioneering broadleaf,9,0.11,1,0.12087912087912088
1894,-149.25,64.75,1,Needleleaf evergreen,10,0.06,1,0.05714285714285714
1894,-149.25,64.75,1,Pioneering broadleaf,10,0.15,1,0.14285714285714285
1895,-149.25,64.75,1,Needleleaf evergreen,11,0.07,1,0.06034482758620689
1895,-149.25,64.75,1,Pioneering broadleaf,11,0.19,1,0.16379310344827586
1896,-149.25,64.75,1,Needleleaf evergreen,12,0.09,1,0.06923076923076922
1896,-149.25,64.75,1,Pioneering broadleaf,12,0.24,1,0.1846153846153846
1897,-149.25,64.75,1,Needleleaf evergreen,13,0.11,1,0.07857142857142858
1897,-149.25,64.75,1,Pioneering broadleaf,13,0.29,1,0.20714285714285713
1898,-149.25,64.75,1,Needleleaf evergreen,14,0.12,1,0.08
1898,-149.25,64.75,1,Pioneering broadleaf,14,0.35,1,0.2333333333333333
1899,-149.25,64.75,1,Needleleaf evergreen,15,0.14,1,0.08536585365853659
1899,-149.25,64.75,1,Pioneering broadleaf,15,0.42,1,0.2560975609756097
1900,-149.25,64.75,1,Needleleaf evergreen,16,0.15,1,0.08670520231213873
1900,-149.25,64.75,1,Pioneering broadleaf,16,0.49,1,0.2832369942196532
1901,-149.25,64.75,1,Needleleaf evergreen,17,0.16,1,0.0851063829787234
1901,-149.25,64.75,1,Pioneering broadleaf,17,0.57,1,0.3031914893617021
1902,-149.25,64.75,1,Needleleaf evergreen,18,0.18,1,0.08653846153846154
1902,-149.25,64.75,1,Pioneering broadleaf,18,0.66,1,0.3173076923076923
1903,-149.25,64.75,1,Needleleaf evergreen,19,0.19,1,0.08407079646017698
1903,-149.25,64.75,1,Pioneering broadleaf,19,0.76,1,0.33628318584070793
1904,-149.25,64.75,1,Needleleaf evergreen,20,0.2,1,0.08368200836820083
1904,-149.25,64.75,1,Pioneering broadleaf,20,0.86,1,0.3598326359832636
1905,-149.25,64.75,1,Needleleaf evergreen,21,0.21,1,0.0813953488372093
1905,-149.25,64.75,1,Pioneering broadleaf,21,0.97,1,0.375968992248062
1906,-149.25,64.75,1,Needleleaf evergreen,22,0.21,1,0.07664233576642335
1906,-149.25,64.75,1,Pioneering broadleaf,22,1.08,1,0.39416058394160586
1907,-149.25,64.75,1,Needleleaf evergreen,23,0.21,1,0.07394366197183098
1907,-149.25,64.75,1,Pioneering broadleaf,23,1.18,1,0.4154929577464789
1908,-149.25,64.75,1,Needleleaf evergreen,24,0.22,1,0.0728476821192053
1908,-149.25,64.75,1,Pioneering broadleaf,24,1.31,1,0.4337748344370861
1909,-149.25,64.75,1,Needleleaf evergreen,25,0.22,1,0.06832298136645962
1909,-149.25,64.75,1,Pioneering broadleaf,25,1.46,1,0.45341614906832295
1910,-149.25,64.75,1,Needleleaf evergreen,26,0.23,1,0.06666666666666667
1910,-149.25,64.75,1,Pioneering broadleaf,26,1.62,1,0.46956521739130436
1911,-149.25,64.75,1,Needleleaf evergreen,27,0.23,1,0.06353591160220995
1911,-149.25,64.75,1,Pioneering broadleaf,27,1.77,1,0.4889502762430939
1912,-149.25,64.75,1,Needleleaf evergreen,28,0.22,1,0.05929919137466307
1912,-149.25,64.75,1,Pioneering broadleaf,28,1.88,1,0.5067385444743935
1913,-149.25,64.75,1,Needleleaf evergreen,29,0.21,1,0.0549738219895288
1913,-149.25,64.75,1,Pioneering broadleaf,29,2.01,1,0.5261780104712042
1914,-149.25,64.75,1,Needleleaf evergreen,30,0.21,1,0.0532994923857868
1914,-149.25,64.75,1,Pioneering broadleaf,30,2.14,1,0.5431472081218275
1915,-149.25,64.75,1,Needleleaf evergreen,31,0.19,1,0.04896907216494845
1915,-149.25,64.75,1,Pioneering broadleaf,31,2.17,1,0.5592783505154639
1916,-149.25,64.75,1,Needleleaf evergreen,32,0.19,1,0.04679802955665025
1916,-149.25,64.75,1,Pioneering broadleaf,32,2.32,1,0.5714285714285714
1917,-149.25,64.75,1,Needleleaf evergreen,33,0.19,1,0.045346062052505964
1917,-149.25,64.75,1,Pioneering broadleaf,33,2.47,1,0.5894988066825776
1918,-149.25,64.75,1,Needleleaf evergreen,34,0.19,1,0.043678160919540236
1918,-149.25,64.75,1,Pioneering broadleaf,34,2.61,1,0.6
1919,-149.25,64.75,1,Needleleaf evergreen,35,0.19,1,0.04185022026431718
1919,-149.25,64.75,1,Pioneering broadleaf,35,2.79,1,0.6145374449339207
1920,-149.25,64.75,1,Needleleaf evergreen,36,0.19,1,0.0405982905982906
1920,-149.25,64.75,1,Pioneering broadleaf,36,2.94,1,0.6282051282051282
1921,-149.25,64.75,1,Needleleaf evergreen,37,0.18,1,0.037422037422037424
1921,-149.25,64.75,1,Pioneering broadleaf,37,3.09,1,0.6424116424116424
1922,-149.25,64.75,1,Needleleaf evergreen,38,0.18,1,0.03571428571428571
1922,-149.25,64.75,1,Pioneering broadleaf,38,3.3,1,0.6547619047619048
1923,-149.25,64.75,1,Needleleaf evergreen,39,0.18,1,0.03468208092485549
1923,-149.25,64.75,1,Pioneering broadleaf,39,3.45,1,0.6647398843930635
1924,-149.25,64.75,1,Needleleaf evergreen,40,0.18,1,0.0335195530726257
1924,-149.25,64.75,1,Pioneering broadleaf,40,3.63,1,0.6759776536312849
1925,-149.25,64.75,1,Needleleaf evergreen,41,0.17,1,0.030965391621129327
1925,-149.25,64.75,1,Pioneering broadleaf,41,3.79,1,0.6903460837887068
1926,-149.25,64.75,1,Needleleaf evergreen,42,0.17,1,0.030035335689045938
1926,-149.25,64.75,1,Pioneering broadleaf,42,3.97,1,0.7014134275618374
1927,-149.25,64.75,1,Needleleaf evergreen,43,0.16,1,0.027729636048526865
1927,-149.25,64.75,1,Pioneering broadleaf,43,4.13,1,0.7157712305025997
1928,-149.25,64.75,1,Needleleaf evergreen,44,0.17,1,0.028286189683860236
1928,-149.25,64.75,1,Pioneering broadleaf,44,4.37,1,0.7271214642262895
1929,-149.25,64.75,1,Needleleaf evergreen,45,0.17,1,0.028052805280528056
1929,-149.25,64.75,1,Pioneering broadleaf,45,4.42,1,0.7293729372937294
1930,-149.25,64.75,1,Needleleaf evergreen,46,0.17,1,0.027243589743589744
1930,-149.25,64.75,1,Pioneering broadleaf,46,4.61,1,0.7387820512820513
1931,-149.25,64.75,1,Needleleaf evergreen,47,0.17,1,0.026521060842433698
1931,-149.25,64.75,1,Pioneering broadleaf,47,4.76,1,0.7425897035881435
1932,-149.25,64.75,1,Needleleaf evergreen,48,0.17,1,0.025641025641025644
1932,-149.25,64.75,1,Pioneering broadleaf,48,4.99,1,0.7526395173453997
1933,-149.25,64.75,1,Needleleaf evergreen,49,0.17,1,0.024890190336749635
1933,-149.25,64.75,1,Pioneering broadleaf,49,5.2,1,0.7613469985358712
1934,-149.25,64.75,1,Needleleaf evergreen,50,0.17,1,0.024113475177304965
1934,-149.25,64.75,1,Pioneering broadleaf,50,5.44,1,0.7716312056737589
1935,-149.25,64.75,1,Needleleaf evergreen,51,0.17,1,0.023319615912208505
1935,-149.25,64.75,1,Pioneering broadleaf,51,5.7,1,0.7818930041152263
1936,-149.25,64.75,1,Needleleaf evergreen,52,0.17,1,0.022696929238985315
1936,-149.25,64.75,1,Pioneering broadleaf,52,5.91,1,0.7890520694259012
1937,-149.25,64.75,1,Needleleaf evergreen,53,0.17,1,0.02288021534320323
1937,-149.25,64.75,1,Pioneering broadleaf,53,5.87,1,0.7900403768506056
1938,-149.25,64.75,1,Needleleaf evergreen,54,0.17,1,0.022486772486772486
1938,-149.25,64.75,1,Pioneering broadleaf,54,5.99,1,0.7923280423280423
1939,-149.25,64.75,1,Needleleaf evergreen,55,0.16,1,0.021304926764314246
1939,-149.25,64.75,1,Pioneering broadleaf,55,5.99,1,0.7976031957390146
1940,-149.25,64.75,1,Needleleaf evergreen,56,0.16,1,0.02105263157894737
1940,-149.25,64.75,1,Pioneering broadleaf,56,6.13,1,0.8065789473684211
1941,-149.25,64.75,1,Needleleaf evergreen,57,0.16,1,0.020330368487928845
1941,-149.25,64.75,1,Pioneering broadleaf,57,6.39,1,0.8119440914866581
1942,-149.25,64.75,1,Needleleaf evergreen,58,0.16,1,0.02002503128911139
1942,-149.25,64.75,1,Pioneering broadleaf,58,6.51,1,0.8147684605757196
1943,-149.25,64.75,1,Needleleaf evergreen,59,0.16,1,0.019656019656019656
1943,-149.25,64.75,1,Pioneering broadleaf,59,6.68,1,0.8206388206388205
1944,-149.25,64.75,1,Needleleaf evergreen,60,0.16,1,0.019417475728155338
1944,-149.25,64.75,1,Pioneering broadleaf,60,6.78,1,0.8228155339805825
1945,-149.25,64.75,1,Needleleaf evergreen,61,0.17,1,0.020070838252656435
1945,-149.25,64.75,1,Pioneering broadleaf,61,7.01,1,0.8276269185360093
1946,-149.25,64.75,1,Needleleaf evergreen,62,0.17,1,0.019607843137254905
1946,-149.25,64.75,1,Pioneering broadleaf,62,7.21,1,0.831603229527105
1947,-149.25,64.75,1,Needleleaf evergreen,63,0.17,1,0.0192090395480226
1947,-149.25,64.75,1,Pioneering broadleaf,63,7.42,1,0.8384180790960453
1948,-149.25,64.75,1,Needleleaf evergreen,64,0.17,1,0.018478260869565222
1948,-149.25,64.75,1,Pioneering broadleaf,64,7.76,1,0.8434782608695652
1949,-149.25,64.75,1,Needleleaf evergreen,65,0.17,1,0.017913593256059013
1949,-149.25,64.75,1,Pioneering broadleaf,65,8.04,1,0.8472075869336144
1950,-149.25,64.75,1,Needleleaf evergreen,66,0.17,1,0.018318965517241378
1950,-149.25,64.75,1,Pioneering broadleaf,66,7.86,1,0.8469827586206896
1951,-149.25,64.75,1,Needleleaf evergreen,67,0.17,1,0.017932489451476793
1951,-149.25,64.75,1,Pioneering broadleaf,67,8.08,1,0.8523206751054851
1952,-149.25,64.75,1,Needleleaf evergreen,68,0.16,1,0.016580310880829015
1952,-149.25,64.75,1,Pioneering broadleaf,68,8.26,1,0.8559585492227979
1953,-149.25,64.75,1,Needleleaf evergreen,69,0.16,1,0.01634320735444331
1953,-149.25,64.75,1,Pioneering broadleaf,69,8.43,1,0.861082737487232
1954,-149.25,64.75,1,Needleleaf evergreen,70,0.16,1,0.01606425702811245
1954,-149.25,64.75,1,Pioneering broadleaf,70,8.63,1,0.8664658634538153
1955,-149.25,64.75,1,Needleleaf evergreen,71,0.16,1,0.015609756097560976
1955,-149.25,64.75,1,Pioneering broadleaf,71,8.93,1,0.871219512195122
1956,-149.25,64.75,1,Needleleaf evergreen,72,0.16,1,0.01536983669548511
1956,-149.25,64.75,1,Pioneering broadleaf,72,9.11,1,0.8751200768491834
1957,-149.25,64.75,1,Needleleaf evergreen,73,0.09,1,0.008555133079847907
1957,-149.25,64.75,1,Pioneering broadleaf,73,9.31,1,0.8849809885931559
1958,-149.25,64.75,1,Needleleaf evergreen,74,0.09,1,0.00841908325537886
1958,-149.25,64.75,1,Pioneering broadleaf,74,9.51,1,0.8896164639850328
1959,-149.25,64.75,1,Needleleaf evergreen,75,0.09,1,0.008211678832116789
1959,-149.25,64.75,1,Pioneering broadleaf,75,9.77,1,0.8914233576642336
1960,-149.25,64.75,1,Needleleaf evergreen,76,0.09,1,0.008064516129032258
1960,-149.25,64.75,1,Pioneering broadleaf,76,9.99,1,0.8951612903225806
1961,-149.25,64.75,1,Needleleaf evergreen,77,0.1,1,0.008976660682226214
1961,-149.25,64.75,1,Pioneering broadleaf,77,9.95,1,0.8931777378815081
1962,-149.25,64.75,1,Needleleaf evergreen,78,0.1,1,0.008992805755395685
1962,-149.25,64.75,1,Pioneering broadleaf,78,9.93,1,0.8929856115107914
1963,-149.25,64.75,1,Needleleaf evergreen,79,0.1,1,0.008849557522123894
1963,-149.25,64.75,1,Pioneering broadleaf,79,10.16,1,0.8991150442477875
1964,-149.25,64.75,1,Needleleaf evergreen,80,0.1,1,0.008888888888888889
1964,-149.25,64.75,1,Pioneering broadleaf,80,10.12,1,0.8995555555555554
1965,-149.25,64.75,1,Needleleaf evergreen,81,0.1,1,0.008936550491510278
1965,-149.25,64.75,1,Pioneering broadleaf,81,10.07,1,0.899910634495085
1966,-149.25,64.75,1,Needleleaf evergreen,82,0.1,1,0.009033423667570008
1966,-149.25,64.75,1,Pioneering broadleaf,82,9.97,1,0.90063233965673
1967,-149.25,64.75,1,Needleleaf evergreen,83,0.1,1,0.009099181073703368
1967,-149.25,64.75,1,Pioneering broadleaf,83,9.89,1,0.899909008189263
1968,-149.25,64.75,1,Needleleaf evergreen,84,0.1,1,0.009398496240601503
1968,-149.25,64.75,1,Pioneering broadleaf,84,9.55,1,0.8975563909774437
1969,-149.25,64.75,1,Needleleaf evergreen,85,0.1,1,0.00979431929480901
1969,-149.25,64.75,1,Pioneering broadleaf,85,9.14,1,0.8952007835455436
1970,-149.25,64.75,1,Needleleaf evergreen,86,0.1,1,0.009606147934678195
1970,-149.25,64.75,1,Pioneering broadleaf,86,9.33,1,0.8962536023054755
1971,-149.25,64.75,1,Needleleaf evergreen,87,0.1,1,0.009718172983479106
1971,-149.25,64.75,1,Pioneering broadleaf,87,9.24,1,0.8979591836734693
1972,-149.25,64.75,1,Needleleaf evergreen,88,0.1,1,0.009560229445506692
1972,-149.25,64.75,1,Pioneering broadleaf,88,9.41,1,0.8996175908221796
1973,-149.25,64.75,1,Needleleaf evergreen,89,0.1,1,0.009407337723424272
1973,-149.25,64.75,1,Pioneering broadleaf,89,9.59,1,0.9021636876763877
1974,-149.25,64.75,1,Needleleaf evergreen,90,0.1,1,0.009250693802035153
1974,-149.25,64.75,1,Pioneering broadleaf,90,9.76,1,0.9028677150786308
1975,-149.25,64.75,1,Needleleaf evergreen,91,0.11,1,0.01
1975,-149.25,64.75,1,Pioneering broadleaf,91,9.95,1,0.9045454545454544
1976,-149.25,64.75,1,Needleleaf evergreen,92,0.11,1,0.009812667261373772
1976,-149.25,64.75,1,Pioneering broadleaf,92,10.17,1,0.9072256913470115
1977,-149.25,64.75,1,Needleleaf evergreen,93,0.11,1,0.009666080843585237
1977,-149.25,64.75,1,Pioneering broadleaf,93,10.33,1,0.9077328646748681
1978,-149.25,64.75,1,Needleleaf evergreen,94,0.11,1,0.01012891344383057
1978,-149.25,64.75,1,Pioneering broadleaf,94,9.8,1,0.9023941068139962
1979,-149.25,64.75,1,Needleleaf evergreen,95,0.12,1,0.011583011583011582
1979,-149.25,64.75,1,Pioneering broadleaf,95,9.28,1,0.8957528957528957
1980,-149.25,64.75,1,Needleleaf evergreen,96,0.12,1,0.011396011396011395
1980,-149.25,64.75,1,Pioneering broadleaf,96,9.46,1,0.8983855650522317
1981,-149.25,64.75,1,Needleleaf evergreen,97,0.13,1,0.012149532710280376
1981,-149.25,64.75,1,Pioneering broadleaf,97,9.61,1,0.8981308411214953
1982,-149.25,64.75,1,Needleleaf evergreen,98,0.13,1,0.011937557392102848
1982,-149.25,64.75,1,Pioneering broadleaf,98,9.79,1,0.898989898989899
1983,-149.25,64.75,1,Needleleaf evergreen,99,0.13,1,0.011743450767841012
1983,-149.25,64.75,1,Pioneering broadleaf,99,9.96,1,0.8997289972899729
1984,-149.25,64.75,1,Needleleaf evergreen,100,0.14,1,0.012411347517730497
1984,-149.25,64.75,1,Pioneering broadleaf,100,10.15,1,0.899822695035461
1985,-149.25,64.75,1,Needleleaf evergreen,101,0.15,1,0.013032145960034752
1985,-149.25,64.75,1,Pioneering broadleaf,101,10.35,1,0.8992180712423979
1986,-149.25,64.75,1,Needleleaf evergreen,102,0.15,1,0.012733446519524618
1986,-149.25,64.75,1,Pioneering broadleaf,102,10.59,1,0.898981324278438
1987,-149.25,64.75,1,Needleleaf evergreen,103,0.16,1,0.013300083125519533
1987,-149.25,64.75,1,Pioneering broadleaf,103,10.82,1,0.8994181213632585
1988,-149.25,64.75,1,Needleleaf evergreen,104,0.17,1,0.013854930725346375
1988,-149.25,64.75,1,Pioneering broadleaf,104,11.04,1,0.8997555012224938
1989,-149.25,64.75,1,Needleleaf evergreen,105,0.17,1,0.013665594855305468
1989,-149.25,64.75,1,Pioneering broadleaf,105,11.2,1,0.9003215434083601
1990,-149.25,64.75,1,Needleleaf evergreen,106,0.18,1,0.014790468364831553
1990,-149.25,64.75,1,Pioneering broadleaf,106,10.91,1,0.8964667214461791
1991,-149.25,64.75,1,Needleleaf evergreen,107,0.18,1,0.015088013411567477
1991,-149.25,64.75,1,Pioneering broadleaf,107,10.65,1,0.892707460184409
1992,-149.25,64.75,1,Needleleaf evergreen,108,0.19,1,0.015702479338842973
1992,-149.25,64.75,1,Pioneering broadleaf,108,10.81,1,0.893388429752066
1993,-149.25,64.75,1,Needleleaf evergreen,109,0.2,1,0.01693480101608806
1993,-149.25,64.75,1,Pioneering broadleaf,109,10.51,1,0.8899237933954276
1994,-149.25,64.75,1,Needleleaf evergreen,110,0.21,1,0.017902813299232736
1994,-149.25,64.75,1,Pioneering broadleaf,110,10.46,1,0.8917306052855926
1995,-149.25,64.75,1,Needleleaf evergreen,111,0.23,1,0.019246861924686193
1995,-149.25,64.75,1,Pioneering broadleaf,111,10.63,1,0.8895397489539749
1996,-149.25,64.75,1,Needleleaf evergreen,112,0.24,1,0.019851116625310174
1996,-149.25,64.75,1,Pioneering broadleaf,112,10.76,1,0.8899917287014061
1997,-149.25,64.75,1,Needleleaf evergreen,113,0.26,1,0.0210016155088853
1997,-149.25,64.75,1,Pioneering broadleaf,113,10.99,1,0.8877221324717286
1998,-149.25,64.75,1,Needleleaf evergreen,114,0.27,1,0.021462639109697933
1998,-149.25,64.75,1,Pioneering broadleaf,114,11.16,1,0.8871224165341812
1999,-149.25,64.75,1,Needleleaf evergreen,115,0.28,1,0.0228198859005705
1999,-149.25,64.75,1,Pioneering broadleaf,115,10.83,1,0.882640586797066
2000,-149.25,64.75,1,Needleleaf evergreen,116,0.3,1,0.0250208507089241
2000,-149.25,64.75,1,Pioneering broadleaf,116,10.5,1,0.8757297748123436
2001,-149.25,64.75,1,Needleleaf evergreen,117,0.32,1,0.027303754266211604
2001,-149.25,64.75,1,Pioneering broadleaf,117,10.17,1,0.8677474402730375
2002,-149.25,64.75,1,Needleleaf evergreen,118,0.34,1,0.028547439126784216
2002,-149.25,64.75,1,Pioneering broadleaf,118,10.32,1,0.8664987405541562
